{
    "dataset_info": {
        "n_features": 8,
        "n_train_samples": 47331,
        "n_test_samples": 11833,
        "train_pos_ratio": 0.10585028839449832,
        "test_pos_ratio": 0.10589030676920477
    },
    "best_params": {
        "n_estimators": 176,
        "max_depth": 4,
        "learning_rate": 0.03550918925056938,
        "min_child_weight": 7,
        "subsample": 0.688338037139034,
        "scale_pos_weight": 9.522987138712402
    },
    "performance_metrics": {
        "best_cv_recall": 0.9283433133732535,
        "train_recall": 0.9311377245508982,
        "test_recall": 0.9305666400638468,
        "test_precision": 0.4669603524229075,
        "test_f1": 0.6218666666666667,
        "test_accuracy": 0.8801656384686892,
        "test_roc_auc": 0.9759283956689201
    }
}